{"cameraMode":{"drawMode":0,"name":"Shaded","section":"Shading Mode"},"sceneLighting":false,"audioPlay":false,"sceneViewState":{"m_AlwaysRefresh":false,"showFog":true,"showSkybox":true,"showFlares":true,"showImageEffects":true,"showParticleSystems":true,"showVisualEffectGraphs":true,"m_FxEnabled":true},"in2DMode":false,"pivot":{"x":-5.915558815002441,"y":8.77708911895752,"z":5.985647201538086},"rotation":{"x":0.19336633384227754,"y":-0.1288030445575714,"z":0.025831256061792375,"w":0.9729692339897156},"size":0.0008279363391920924,"orthographic":false}