{"cameraMode":{"drawMode":0,"name":"Shaded","section":"Shading Mode"},"sceneLighting":false,"audioPlay":false,"sceneViewState":{"m_AlwaysRefresh":false,"showFog":true,"showSkybox":true,"showFlares":true,"showImageEffects":true,"showParticleSystems":true,"showVisualEffectGraphs":true,"m_FxEnabled":true},"in2DMode":false,"pivot":{"x":-2.034266710281372,"y":0.9999971389770508,"z":-9.944540977478028},"rotation":{"x":-0.30774950981140139,"y":0.026380931958556176,"z":-0.0007323006866499782,"w":-0.9528502821922302},"size":7.071067810058594,"orthographic":false}