{"cameraMode":{"drawMode":0,"name":"Shaded","section":"Shading Mode"},"sceneLighting":false,"audioPlay":false,"sceneViewState":{"m_AlwaysRefresh":false,"showFog":true,"showSkybox":true,"showFlares":true,"showImageEffects":true,"showParticleSystems":true,"showVisualEffectGraphs":true,"m_FxEnabled":true},"in2DMode":false,"pivot":{"x":-3.4250595569610597,"y":5.389475345611572,"z":3.1460235118865969},"rotation":{"x":0.04280288890004158,"y":0.7334161400794983,"z":-0.045286960899829867,"w":0.6777153015136719},"size":0.02064112387597561,"orthographic":false}