{"cameraMode":{"drawMode":0,"name":"Shaded","section":"Shading Mode"},"sceneLighting":false,"audioPlay":false,"sceneViewState":{"m_AlwaysRefresh":false,"showFog":true,"showSkybox":true,"showFlares":true,"showImageEffects":true,"showParticleSystems":true,"showVisualEffectGraphs":true,"m_FxEnabled":true},"in2DMode":false,"pivot":{"x":0.3268882632255554,"y":1.4659976959228516,"z":-8.752291679382325},"rotation":{"x":0.5472844839096069,"y":0.051100000739097598,"z":-0.02991793304681778,"w":0.8364372849464417},"size":7.071067810058594,"orthographic":false}