{"cameraMode":{"drawMode":0,"name":"Shaded","section":"Shading Mode"},"sceneLighting":true,"audioPlay":false,"sceneViewState":{"m_AlwaysRefresh":false,"showFog":true,"showSkybox":true,"showFlares":true,"showImageEffects":true,"showParticleSystems":true,"showVisualEffectGraphs":true,"m_FxEnabled":true},"in2DMode":false,"pivot":{"x":-137.56558227539063,"y":4.694875717163086,"z":57.320125579833987},"rotation":{"x":-0.027487074956297876,"y":0.41532233357429507,"z":-0.010421749204397202,"w":-0.9100657105445862},"size":30.793773651123048,"orthographic":false}