{"cameraMode":{"drawMode":0,"name":"Shaded","section":"Shading Mode"},"sceneLighting":true,"audioPlay":false,"sceneViewState":{"m_AlwaysRefresh":false,"showFog":true,"showSkybox":true,"showFlares":true,"showImageEffects":true,"showParticleSystems":true,"showVisualEffectGraphs":true,"m_FxEnabled":true},"in2DMode":false,"pivot":{"x":89.37035369873047,"y":4.3869171142578129,"z":2.905027389526367},"rotation":{"x":0.08719538897275925,"y":0.8776623010635376,"z":-0.18841087818145753,"w":0.43575596809387209},"size":11.411661148071289,"orthographic":false}