{"cameraMode":{"drawMode":0,"name":"Shaded","section":"Shading Mode"},"sceneLighting":false,"audioPlay":false,"sceneViewState":{"m_AlwaysRefresh":false,"showFog":true,"showSkybox":true,"showFlares":true,"showImageEffects":true,"showParticleSystems":true,"showVisualEffectGraphs":true,"m_FxEnabled":true},"in2DMode":false,"pivot":{"x":89.32893371582031,"y":3.2167885303497316,"z":2.229763984680176},"rotation":{"x":-0.35999441146850588,"y":-0.09332580119371414,"z":0.04630639776587486,"w":-0.9288725256919861},"size":1.8924258947372437,"orthographic":false}