{"cameraMode":{"drawMode":0,"name":"Shaded","section":"Shading Mode"},"sceneLighting":true,"audioPlay":false,"sceneViewState":{"m_AlwaysRefresh":false,"showFog":true,"showSkybox":true,"showFlares":true,"showImageEffects":true,"showParticleSystems":true,"showVisualEffectGraphs":true,"m_FxEnabled":true},"in2DMode":false,"pivot":{"x":0.07200001180171967,"y":3.0409998893737795,"z":-0.20999997854232789},"rotation":{"x":0.02842961810529232,"y":0.9467024803161621,"z":-0.08716140687465668,"w":0.30879804491996767},"size":0.8660253882408142,"orthographic":false}