{"cameraMode":{"drawMode":0,"name":"Shaded","section":"Shading Mode"},"sceneLighting":false,"audioPlay":false,"sceneViewState":{"m_AlwaysRefresh":false,"showFog":true,"showSkybox":true,"showFlares":true,"showImageEffects":true,"showParticleSystems":true,"showVisualEffectGraphs":true,"m_FxEnabled":true},"in2DMode":false,"pivot":{"x":25.796133041381837,"y":4.816644191741943,"z":8.848793029785157},"rotation":{"x":-0.22432999312877656,"y":0.14095063507556916,"z":-0.034860193729400638,"w":-0.9645130038261414},"size":2.251934289932251,"orthographic":false}