{"cameraMode":{"drawMode":0,"name":"Shaded","section":"Shading Mode"},"sceneLighting":false,"audioPlay":false,"sceneViewState":{"m_AlwaysRefresh":false,"showFog":true,"showSkybox":false,"showFlares":true,"showImageEffects":true,"showParticleSystems":true,"showVisualEffectGraphs":true,"m_FxEnabled":true},"in2DMode":false,"pivot":{"x":-2.2099997997283937,"y":1.7170519828796387,"z":-2.0798611640930177},"rotation":{"x":-0.22370393574237824,"y":-0.07866443693637848,"z":0.018134212121367456,"w":-0.971998929977417},"size":1.9058133363723755,"orthographic":false}